{
    "name": "cat",
    "phase": "train", // train or val

    "path": { //set the path
        "log": "logs",
        "tb_logger": "tb_logger",
        "results": "results",
        "results_hr": "results/hr",
        "results_sr": "results/sr",
        "results_lr": "results/lr",
        "process": "results/process",
        "checkpoint": "checkpoint"
    },
    "datasets": {
        "train": {
            "name": "cat_train",
            "mode": "LRHR", // whether need LR img
            "dataroot": "./cat_train_16_256",
            "datatype": "lmdb", //lmdb or img, path of img files
            "l_resolution": 16, // low resolution need to super_resolution
            "r_resolution": 256, // high resolution
            "sample_q": null,
            "batch_size": 64,
            "num_workers": 8,
            "augment": true,
            "use_shuffle": false,
            "data_len": -1 // -1 represents all data used in train
        },
        "val": {
            "name": "cat_val",
            "mode": "LRHR",
            "dataroot": "./cat_test_img_16_256",
            "datatype": "img", //lmdb or img, path of img files
            "l_resolution": 16,
            "r_resolution": 256,
            // "gt_resize":[256,256],
            "batch_size": 1,
            "data_len": 100 // data length in validation 
        }
    },
    "model": {
        "which_model_G": "sr3", // use the ddpm or sr3 network structure
        "pretrained_encoder": true,
        "finetune_norm": false,
        "unet": {
            "in_channel": 6, // 6
            "out_channel": 3,
            "inner_channel": 64, // 66
            "channel_multiplier": [
                1,
                2,
                4,
                8,
                8
            ],
            "attn_res": [
                16
            ],
            "res_blocks": 2,
            "dropout": 0.2
        },
        "beta_schedule": { // use munual beta_schedule for acceleration
            "train": {
                "schedule": "linear",
                "n_timestep": 2000,
                "linear_start": 1e-6,
                "linear_end": 1e-2
            },
            "val": {
                "schedule": "linear",
                "n_timestep": 2000,
                "linear_start": 1e-6,
                "linear_end": 1e-2
            }
        },
        "diffusion": {
            "image_size": 128,
            "channels": 3, //sample channel
            "conditional": true // unconditional generation or unconditional generation(super_resolution)
        }
    },
    "train": {
        "n_iter": 1500000,
        "val_freq": 3e3,   // 1e4
        "save_checkpoint_freq": 3e3,
        "print_freq": 200,
        "optimizer": {
            "type": "adam",
            "lr": 2e-5
        },
        "ema_scheduler": { // not used now
            "step_start_ema": 5000,
            "update_ema_every": 1,
            "ema_decay": 0.9999
        }
    },
    "wandb": {
        "project": "sr_ffhq"
    }
}
